Feb 20, 2021	$0.5669	$0.5824	$0.4824	$0.5175	$7,892,199,926	$23,497,139,197
Feb 19, 2021	$0.5326	$0.5791	$0.5207	$0.5670	$6,896,487,164	$25,744,927,541
Feb 18, 2021	$0.5351	$0.5586	$0.5239	$0.5324	$5,621,706,995	$24,174,607,717
Feb 17, 2021	$0.5208	$0.5544	$0.4971	$0.5355	$9,332,962,077	$24,315,547,799
Feb 16, 2021	$0.5486	$0.5773	$0.4900	$0.5208	$10,310,430,732	$23,648,505,355
Feb 15, 2021	$0.5935	$0.6001	$0.5216	$0.5489	$10,563,510,365	$24,922,969,086
Feb 14, 2021	$0.6284	$0.6324	$0.5672	$0.5942	$10,460,949,240	$26,978,760,718
Feb 13, 2021	$0.6081	$0.6370	$0.5499	$0.6290	$14,161,115,005	$28,558,959,198
Feb 12, 2021	$0.5246	$0.6126	$0.5183	$0.6086	$13,950,086,407	$27,632,542,730
Feb 11, 2021	$0.5031	$0.5276	$0.5011	$0.5248	$8,979,459,920	$23,827,421,835
Feb 10, 2021	$0.4719	$0.5341	$0.4660	$0.5034	$13,793,347,172	$22,858,444,785
Feb 09, 2021	$0.4477	$0.4852	$0.4476	$0.4720	$9,634,769,935	$21,430,272,599
Feb 08, 2021	$0.4178	$0.4599	$0.4127	$0.4477	$8,180,714,581	$20,327,474,410
Feb 07, 2021	$0.4391	$0.4455	$0.3988	$0.4180	$7,495,069,765	$18,976,956,807
Feb 06, 2021	$0.4502	$0.4523	$0.4267	$0.4391	$7,625,571,666	$19,936,712,822
Feb 05, 2021	$0.4453	$0.4647	$0.4251	$0.4500	$10,229,060,640	$20,433,948,824
Feb 04, 2021	$0.3934	$0.4723	$0.3792	$0.4464	$13,193,400,182	$20,270,587,945
Feb 03, 2021	$0.3694	$0.4081	$0.3694	$0.3935	$8,672,301,822	$17,866,022,515
Feb 02, 2021	$0.3705	$0.4043	$0.3443	$0.3693	$12,756,138,062	$16,766,345,436
Feb 01, 2021	$0.4925	$0.7448	$0.3607	$0.3715	$34,974,233,953	$16,867,989,812
Jan 31, 2021	$0.4378	$0.4997	$0.3895	$0.4923	$24,394,851,756	$22,353,042,408
Jan 30, 2021	$0.2822	$0.4893	$0.2798	$0.4402	$24,417,465,997	$19,988,871,043
Jan 29, 2021	$0.2705	$0.3102	$0.2605	$0.2822	$8,031,899,348	$12,812,456,128
Jan 28, 2021	$0.2519	$0.2603	$0.2488	$0.2573	$2,935,777,810	$11,681,449,212
Jan 27, 2021	$0.2689	$0.2690	$0.2455	$0.2519	$2,940,937,079	$11,439,248,738
Jan 26, 2021	$0.2690	$0.2711	$0.2597	$0.2688	$2,790,821,503	$12,205,812,184
Jan 25, 2021	$0.2735	$0.2824	$0.2688	$0.2691	$2,925,493,997	$12,217,714,233
Jan 24, 2021	$0.2718	$0.2774	$0.2702	$0.2735	$2,472,431,875	$12,418,387,933
Jan 23, 2021	$0.2726	$0.2826	$0.2670	$0.2718	$3,018,882,841	$12,341,790,398
Jan 22, 2021	$0.2688	$0.2778	$0.2449	$0.2728	$4,501,765,714	$12,386,155,167
Jan 21, 2021	$0.2965	$0.3062	$0.2631	$0.2689	$4,453,463,443	$12,211,250,678
Jan 20, 2021	$0.2942	$0.3086	$0.2820	$0.2965	$4,528,341,598	$13,463,112,369
Jan 19, 2021	$0.2848	$0.3262	$0.2840	$0.2943	$5,583,136,814	$13,363,027,569
Jan 18, 2021	$0.2774	$0.2876	$0.2726	$0.2848	$3,239,112,861	$12,929,668,504
Jan 17, 2021	$0.2801	$0.2853	$0.2707	$0.2774	$3,488,557,208	$12,594,335,138
Jan 16, 2021	$0.2803	$0.2952	$0.2770	$0.2802	$4,116,256,007	$12,721,680,326
Jan 15, 2021	$0.2956	$0.3018	$0.2647	$0.2804	$4,955,409,029	$12,731,539,391
Jan 14, 2021	$0.3055	$0.3083	$0.2842	$0.2954	$5,277,189,444	$13,414,071,298
Jan 13, 2021	$0.2920	$0.3088	$0.2869	$0.3056	$4,831,812,051	$13,874,553,414
Jan 12, 2021	$0.2887	$0.3099	$0.2794	$0.2921	$6,557,418,314	$13,263,566,887
Jan 11, 2021	$0.3179	$0.3179	$0.2595	$0.2889	$9,787,288,503	$13,117,452,414
Jan 10, 2021	$0.3268	$0.3652	$0.2922	$0.3183	$9,647,740,012	$14,453,755,388
Jan 09, 2021	$0.3232	$0.3399	$0.3079	$0.3269	$7,184,429,145	$14,843,313,424
Jan 08, 2021	$0.3261	$0.3459	$0.2915	$0.3232	$9,825,829,516	$14,675,925,485
Jan 07, 2021	$0.2509	$0.3653	$0.2478	$0.3260	$15,955,049,240	$14,801,803,205
Jan 06, 2021	$0.2269	$0.2692	$0.2235	$0.2509	$7,552,726,810	$11,391,651,582
Jan 05, 2021	$0.2366	$0.2413	$0.2216	$0.2268	$5,378,491,929	$10,295,369,035
Jan 04, 2021	$0.2260	$0.2565	$0.2197	$0.2367	$6,141,918,380	$10,746,094,508
Jan 03, 2021	$0.2217	$0.2377	$0.2172	$0.2258	$5,109,898,871	$10,254,417,777
Jan 02, 2021	$0.2377	$0.2384	$0.2158	$0.2217	$4,773,658,725	$10,064,026,551
Jan 01, 2021	$0.2198	$0.2493	$0.2173	$0.2374	$5,888,429,287	$10,780,931,627
Dec 31, 2020	$0.2118	$0.2276	$0.2065	$0.2198	$5,363,979,601	$9,981,874,643
Dec 30, 2020	$0.2209	$0.2354	$0.1947	$0.2118	$8,894,036,560	$9,617,853,652
Dec 29, 2020	$0.2477	$0.2483	$0.1748	$0.2210	$12,970,077,098	$10,032,565,433
Dec 28, 2020	$0.2834	$0.3060	$0.2394	$0.2480	$8,389,871,765	$11,258,302,527
Dec 27, 2020	$0.2948	$0.3075	$0.2702	$0.2830	$9,250,325,478	$12,851,124,973
Dec 26, 2020	$0.3181	$0.3223	$0.2872	$0.2947	$9,984,475,081	$13,381,179,323
Dec 25, 2020	$0.3373	$0.3806	$0.2852	$0.3181	$16,321,189,804	$14,442,592,187
Dec 24, 2020	$0.2591	$0.3676	$0.2437	$0.3378	$16,742,652,289	$15,338,322,460
Dec 23, 2020	$0.4480	$0.4480	$0.2214	$0.2586	$19,793,483,656	$11,741,555,006
Dec 22, 2020	$0.5168	$0.5216	$0.4106	$0.4484	$15,134,323,976	$20,361,343,191
Dec 21, 2020	$0.5560	$0.5678	$0.5029	$0.5169	$9,852,685,075	$23,471,317,699
Dec 20, 2020	$0.5790	$0.5856	$0.5385	$0.5561	$9,611,613,770	$25,247,252,305
Dec 19, 2020	$0.5842	$0.6020	$0.5680	$0.5792	$11,188,586,674	$26,296,322,781
Dec 18, 2020	$0.5767	$0.6104	$0.5523	$0.5843	$14,936,843,250	$26,528,677,892
Dec 17, 2020	$0.5685	$0.6539	$0.5464	$0.5767	$21,429,914,951	$26,183,450,958
Dec 16, 2020	$0.4697	$0.5688	$0.4420	$0.5686	$15,158,282,218	$25,817,986,327
Dec 15, 2020	$0.4977	$0.5066	$0.4660	$0.4697	$9,052,977,849	$21,326,732,025
Dec 14, 2020	$0.5116	$0.5171	$0.4902	$0.4977	$7,110,439,196	$22,598,131,537
Dec 13, 2020	$0.5067	$0.5270	$0.4873	$0.5115	$8,534,780,504	$23,222,510,729
Dec 12, 2020	$0.5463	$0.5463	$0.4874	$0.5064	$10,925,057,158	$22,992,625,207
Dec 11, 2020	$0.5731	$0.5837	$0.5314	$0.5465	$10,708,202,570	$24,812,540,805
Dec 10, 2020	$0.5837	$0.5869	$0.5562	$0.5730	$9,695,432,997	$25,986,225,091
Dec 09, 2020	$0.5587	$0.6019	$0.5060	$0.5836	$12,648,574,700	$26,468,599,510
Dec 08, 2020	$0.6089	$0.6102	$0.5546	$0.5588	$8,302,771,172	$25,345,915,393
Dec 07, 2020	$0.6197	$0.6228	$0.5928	$0.6089	$7,718,537,440	$27,605,614,509
Dec 06, 2020	$0.5844	$0.6259	$0.5815	$0.6199	$10,280,250,882	$28,100,510,377
Dec 05, 2020	$0.5571	$0.5958	$0.5518	$0.5844	$8,565,677,726	$26,494,306,276
Dec 04, 2020	$0.6315	$0.6330	$0.5467	$0.5573	$9,629,062,989	$25,263,077,880
Dec 03, 2020	$0.6300	$0.6403	$0.6162	$0.6315	$9,884,297,219	$28,627,830,442
Dec 02, 2020	$0.6130	$0.6359	$0.5986	$0.6299	$12,874,875,863	$28,555,757,296
Dec 01, 2020	$0.6645	$0.6792	$0.5943	$0.6129	$16,985,355,820	$27,786,451,402
Nov 30, 2020	$0.6063	$0.6722	$0.6004	$0.6643	$17,398,359,053	$30,117,263,916
Nov 29, 2020	$0.6257	$0.6345	$0.5884	$0.6062	$15,391,721,339	$27,492,190,918
Nov 28, 2020	$0.5597	$0.6446	$0.5426	$0.6256	$17,173,561,815	$28,370,848,654
Nov 27, 2020	$0.5334	$0.5859	$0.5087	$0.5593	$18,713,160,692	$25,361,792,213
Nov 26, 2020	$0.6349	$0.6497	$0.4621	$0.5330	$23,673,915,793	$24,171,460,090
Nov 25, 2020	$0.6922	$0.7199	$0.5965	$0.6355	$23,569,614,498	$28,818,036,071
Nov 24, 2020	$0.6142	$0.7680	$0.5779	$0.6921	$32,826,193,388	$31,385,647,148
Nov 23, 2020	$0.4437	$0.6150	$0.4347	$0.6140	$20,715,303,968	$27,842,882,655
Nov 22, 2020	$0.4583	$0.4919	$0.4133	$0.4437	$19,097,682,286	$20,112,122,024
Nov 21, 2020	$0.3281	$0.4631	$0.3281	$0.4583	$16,206,296,041	$20,775,895,361
Nov 20, 2020	$0.3038	$0.3294	$0.2982	$0.3281	$6,283,633,942	$14,870,727,963
Nov 19, 2020	$0.2942	$0.3065	$0.2846	$0.3038	$5,230,574,728	$13,769,136,634
Nov 18, 2020	$0.3024	$0.3073	$0.2838	$0.2942	$5,684,799,554	$13,336,525,350
Nov 17, 2020	$0.2918	$0.3044	$0.2911	$0.3024	$6,002,566,535	$13,707,610,374
Nov 16, 2020	$0.2696	$0.2880	$0.2681	$0.2855	$4,105,697,051	$12,942,110,144
Nov 15, 2020	$0.2683	$0.2766	$0.2646	$0.2696	$3,613,774,298	$12,222,354,606
Nov 14, 2020	$0.2652	$0.2770	$0.2625	$0.2683	$4,433,908,911	$12,163,467,828
Nov 13, 2020	$0.2549	$0.2657	$0.2541	$0.2652	$2,989,109,717	$12,020,596,204
Nov 12, 2020	$0.2563	$0.2581	$0.2528	$0.2549	$2,443,233,108	$11,550,299,326
Nov 11, 2020	$0.2539	$0.2597	$0.2528	$0.2563	$2,811,079,099	$11,611,751,579
Nov 10, 2020	$0.2508	$0.2643	$0.2487	$0.2539	$3,488,798,458	$11,505,347,387
Nov 09, 2020	$0.2539	$0.2561	$0.2461	$0.2507	$3,079,413,903	$11,362,000,767
Nov 08, 2020	$0.2496	$0.2567	$0.2479	$0.2539	$2,364,742,336	$11,506,594,737
Nov 07, 2020	$0.2584	$0.2664	$0.2456	$0.2496	$3,395,345,984	$11,309,192,154
Nov 06, 2020	$0.2458	$0.2608	$0.2453	$0.2584	$3,282,591,092	$11,710,770,062
Nov 05, 2020	$0.2378	$0.2470	$0.2376	$0.2458	$2,949,508,995	$11,129,902,603
Nov 04, 2020	$0.2395	$0.2404	$0.2334	$0.2378	$3,335,786,074	$10,768,360,115
Nov 03, 2020	$0.2354	$0.2421	$0.2288	$0.2395	$3,052,524,907	$10,846,131,389
Nov 02, 2020	$0.2398	$0.2443	$0.2338	$0.2354	$2,412,875,798	$10,660,940,810
Nov 01, 2020	$0.2397	$0.2413	$0.2371	$0.2398	$1,855,741,696	$10,859,147,268
Oct 31, 2020	$0.2392	$0.2432	$0.2377	$0.2397	$2,100,764,094	$10,856,735,912
Oct 30, 2020	$0.2423	$0.2440	$0.2328	$0.2392	$2,364,402,263	$10,831,358,981
Oct 29, 2020	$0.2459	$0.2470	$0.2403	$0.2423	$5,451,698,743	$10,967,740,784
Oct 28, 2020	$0.2529	$0.2564	$0.2446	$0.2459	$2,375,598,739	$11,129,335,088
Oct 27, 2020	$0.2487	$0.2539	$0.2481	$0.2529	$2,273,574,015	$11,447,769,074
Oct 26, 2020	$0.2532	$0.2584	$0.2441	$0.2487	$2,390,566,065	$11,257,120,780
Oct 25, 2020	$0.2564	$0.2571	$0.2517	$0.2532	$1,484,930,709	$11,457,404,250
Oct 24, 2020	$0.2549	$0.2576	$0.2528	$0.2564	$1,590,424,952	$11,602,995,674
Oct 23, 2020	$0.2573	$0.2593	$0.2507	$0.2549	$2,125,734,863	$11,532,775,250
Oct 22, 2020	$0.2513	$0.2635	$0.2512	$0.2568	$2,827,483,708	$11,620,035,569
Oct 21, 2020	$0.2435	$0.2552	$0.2432	$0.2516	$2,306,399,543	$11,385,086,697
Oct 20, 2020	$0.2459	$0.2494	$0.2426	$0.2436	$1,526,376,279	$11,021,199,803
Oct 19, 2020	$0.2423	$0.2495	$0.2405	$0.2460	$1,435,700,560	$11,129,415,716
Oct 18, 2020	$0.2409	$0.2434	$0.2406	$0.2422	$1,238,720,802	$10,960,191,725
Oct 17, 2020	$0.2405	$0.2427	$0.2392	$0.2409	$1,173,505,925	$10,901,642,739
Oct 16, 2020	$0.2461	$0.2476	$0.2385	$0.2404	$1,656,312,547	$10,879,589,587
Oct 15, 2020	$0.2494	$0.2503	$0.2440	$0.2459	$1,652,788,747	$11,125,383,615
Oct 14, 2020	$0.2567	$0.2584	$0.2467	$0.2494	$1,954,936,434	$11,284,082,017
Oct 13, 2020	$0.2564	$0.2600	$0.2533	$0.2563	$2,098,212,018	$11,595,093,665
Oct 12, 2020	$0.2557	$0.2582	$0.2502	$0.2564	$2,117,892,928	$11,581,733,743
Oct 11, 2020	$0.2542	$0.2582	$0.2538	$0.2557	$1,851,962,086	$11,548,868,315
Oct 10, 2020	$0.2532	$0.2598	$0.2531	$0.2543	$1,957,706,164	$11,484,360,137
Oct 09, 2020	$0.2514	$0.2567	$0.2500	$0.2535	$2,104,833,281	$11,448,242,391
Oct 08, 2020	$0.2489	$0.2528	$0.2429	$0.2515	$1,984,994,731	$11,356,288,256
Oct 07, 2020	$0.2454	$0.2512	$0.2417	$0.2485	$1,894,313,447	$11,224,598,914
Oct 06, 2020	$0.2508	$0.2588	$0.2424	$0.2453	$3,068,832,281	$11,080,168,289
Oct 05, 2020	$0.2482	$0.2537	$0.2471	$0.2508	$2,159,900,755	$11,327,476,373
Oct 04, 2020	$0.2331	$0.2501	$0.2322	$0.2477	$1,885,456,462	$11,186,060,598
Oct 03, 2020	$0.2342	$0.2350	$0.2329	$0.2329	$1,261,839,176	$10,520,051,302
Oct 02, 2020	$0.2383	$0.2393	$0.2298	$0.2341	$1,849,001,296	$10,573,305,365
Oct 01, 2020	$0.2420	$0.2446	$0.2349	$0.2382	$1,725,071,846	$10,759,891,553
Sep 30, 2020	$0.2431	$0.2431	$0.2389	$0.2418	$1,571,088,310	$10,913,203,939
Sep 29, 2020	$0.2413	$0.2466	$0.2390	$0.2432	$1,630,882,291	$10,976,092,169
Sep 28, 2020	$0.2433	$0.2477	$0.2416	$0.2419	$1,722,817,156	$10,916,733,255
Sep 27, 2020	$0.2418	$0.2444	$0.2385	$0.2428	$1,388,129,507	$10,947,604,292
Sep 26, 2020	$0.2419	$0.2456	$0.2387	$0.2422	$1,589,059,311	$10,920,765,623
Sep 25, 2020	$0.2329	$0.2443	$0.2303	$0.2419	$1,770,527,280	$10,910,028,142
Sep 24, 2020	$0.2217	$0.2337	$0.2203	$0.2329	$1,937,069,766	$10,503,396,316
Sep 23, 2020	$0.2333	$0.2350	$0.2211	$0.2212	$1,646,803,535	$9,976,501,615
Sep 22, 2020	$0.2318	$0.2347	$0.2302	$0.2334	$1,019,583,831	$10,526,490,795
Sep 21, 2020	$0.2468	$0.2481	$0.2305	$0.2321	$1,718,957,623	$10,468,793,071
Sep 20, 2020	$0.2517	$0.2517	$0.2437	$0.2467	$1,091,283,585	$11,113,896,108
Sep 19, 2020	$0.2505	$0.2541	$0.2484	$0.2517	$1,043,485,055	$11,337,877,219
Sep 18, 2020	$0.2523	$0.2557	$0.2471	$0.2507	$1,282,349,756	$11,292,428,408
Sep 17, 2020	$0.2477	$0.2582	$0.2472	$0.2522	$1,735,400,721	$11,359,386,614
Sep 16, 2020	$0.2440	$0.2510	$0.2367	$0.2478	$1,421,286,455	$11,163,601,882
Sep 15, 2020	$0.2463	$0.2492	$0.2434	$0.2438	$1,245,531,094	$10,983,553,364
Sep 14, 2020	$0.2418	$0.2498	$0.2403	$0.2463	$1,195,994,290	$11,095,132,155
Sep 13, 2020	$0.2478	$0.2531	$0.2389	$0.2418	$1,163,182,194	$10,883,759,101
Sep 12, 2020	$0.2431	$0.2488	$0.2418	$0.2478	$1,043,746,083	$11,154,409,008
Sep 11, 2020	$0.2435	$0.2448	$0.2375	$0.2433	$1,096,662,166	$10,950,852,982
Sep 10, 2020	$0.2397	$0.2492	$0.2396	$0.2435	$1,353,359,148	$10,961,584,883
Sep 09, 2020	$0.2367	$0.2432	$0.2343	$0.2396	$1,203,137,131	$10,785,112,204
Sep 08, 2020	$0.2420	$0.2439	$0.2328	$0.2368	$1,618,416,970	$10,656,568,301
Sep 07, 2020	$0.2408	$0.2434	$0.2313	$0.2422	$1,773,175,897	$10,900,539,863
Sep 06, 2020	$0.2377	$0.2437	$0.2313	$0.2407	$1,752,405,005	$10,835,602,512
Sep 05, 2020	$0.2558	$0.2596	$0.2338	$0.2377	$2,160,621,038	$10,698,811,447
Sep 04, 2020	$0.2467	$0.2661	$0.2443	$0.2559	$1,924,234,480	$11,517,592,373
Sep 03, 2020	$0.2766	$0.2767	$0.2454	$0.2466	$1,847,290,355	$11,098,891,750
Sep 02, 2020	$0.2956	$0.3032	$0.2692	$0.2765	$1,985,414,445	$12,443,862,450
Sep 01, 2020	$0.2816	$0.2982	$0.2785	$0.2957	$1,730,740,377	$13,304,778,881
Aug 31, 2020	$0.2831	$0.2845	$0.2787	$0.2818	$1,209,798,563	$12,678,006,729
Aug 30, 2020	$0.2746	$0.2836	$0.2744	$0.2830	$1,202,203,314	$12,735,064,439
Aug 29, 2020	$0.2720	$0.2768	$0.2694	$0.2745	$1,053,592,719	$12,350,936,087
Aug 28, 2020	$0.2647	$0.2733	$0.2613	$0.2720	$1,178,427,813	$12,240,673,038
Aug 27, 2020	$0.2774	$0.2787	$0.2575	$0.2645	$1,471,948,899	$11,901,631,634
Aug 26, 2020	$0.2777	$0.2801	$0.2749	$0.2775	$1,194,610,015	$12,485,661,391
Aug 25, 2020	$0.2890	$0.2896	$0.2733	$0.2779	$1,403,395,912	$12,490,744,794
Aug 24, 2020	$0.2853	$0.2913	$0.2831	$0.2892	$1,237,229,520	$12,998,070,622
Aug 23, 2020	$0.2864	$0.2873	$0.2788	$0.2854	$1,183,627,267	$12,826,002,016
Aug 22, 2020	$0.2806	$0.2865	$0.2759	$0.2865	$1,417,207,522	$12,878,136,590
Aug 21, 2020	$0.2925	$0.2955	$0.2803	$0.2807	$1,833,818,566	$12,614,593,511
Aug 20, 2020	$0.2903	$0.2941	$0.2861	$0.2926	$1,749,934,412	$13,148,988,770
Aug 19, 2020	$0.3035	$0.3055	$0.2825	$0.2902	$2,163,768,928	$13,044,391,670
Aug 18, 2020	$0.3142	$0.3204	$0.3018	$0.3033	$2,126,503,478	$13,631,409,331
Aug 17, 2020	$0.3036	$0.3244	$0.2987	$0.3148	$3,001,054,633	$14,138,912,017
Aug 16, 2020	$0.2998	$0.3041	$0.2943	$0.3035	$2,078,824,448	$13,632,465,821
Aug 15, 2020	$0.3002	$0.3042	$0.2949	$0.2997	$2,260,353,636	$13,460,371,200
Aug 14, 2020	$0.2975	$0.3064	$0.2939	$0.3004	$2,246,050,523	$13,492,289,577
Aug 13, 2020	$0.2849	$0.2982	$0.2744	$0.2978	$2,061,442,814	$13,377,121,645
Aug 12, 2020	$0.2844	$0.2898	$0.2742	$0.2849	$2,001,506,679	$12,798,710,938
Aug 11, 2020	$0.2947	$0.3058	$0.2746	$0.2844	$4,542,499,150	$12,777,100,987
Aug 10, 2020	$0.2886	$0.2994	$0.2886	$0.2947	$2,108,627,560	$13,219,165,922
Aug 09, 2020	$0.2946	$0.2981	$0.2839	$0.2887	$1,391,288,259	$12,949,750,917
Aug 08, 2020	$0.2949	$0.2987	$0.2913	$0.2940	$1,355,768,291	$13,190,586,827
Aug 07, 2020	$0.3035	$0.3093	$0.2873	$0.2947	$4,278,382,957	$13,219,395,791
Aug 06, 2020	$0.3031	$0.3101	$0.2983	$0.3036	$1,946,386,689	$13,619,582,659
Aug 05, 2020	$0.3008	$0.3079	$0.2927	$0.3033	$2,048,410,252	$13,607,350,506
Aug 04, 2020	$0.3099	$0.3183	$0.2940	$0.3005	$2,746,437,659	$13,480,903,122
Aug 03, 2020	$0.2875	$0.3189	$0.2852	$0.3099	$3,340,814,994	$13,904,732,686
Aug 02, 2020	$0.2897	$0.3226	$0.2756	$0.2871	$4,780,736,538	$12,878,374,454
Aug 01, 2020	$0.2589	$0.2958	$0.2558	$0.2895	$3,167,874,461	$12,989,037,258
Jul 31, 2020	$0.2446	$0.2596	$0.2422	$0.2589	$1,854,522,560	$11,615,109,241
Jul 30, 2020	$0.2433	$0.2486	$0.2388	$0.2445	$1,650,758,400	$10,966,533,744
Jul 29, 2020	$0.2301	$0.2494	$0.2301	$0.2431	$2,022,835,116	$10,902,698,157
Jul 28, 2020	$0.2239	$0.2337	$0.2179	$0.2303	$1,754,695,828	$10,327,622,850
Jul 27, 2020	$0.2149	$0.2274	$0.2117	$0.2237	$1,762,737,985	$10,031,396,993
Jul 26, 2020	$0.2140	$0.2240	$0.2128	$0.2150	$1,448,138,807	$9,641,671,805
Jul 25, 2020	$0.2040	$0.2166	$0.2038	$0.2141	$1,225,769,666	$9,602,232,677
Jul 24, 2020	$0.2078	$0.2080	$0.2026	$0.2040	$1,294,356,195	$9,151,327,925
Jul 23, 2020	$0.2033	$0.2092	$0.2017	$0.2076	$1,443,659,224	$9,309,610,859
Jul 22, 2020	$0.1990	$0.2037	$0.1969	$0.2033	$935,529,987	$9,112,196,068
Jul 21, 2020	$0.1949	$0.2005	$0.1940	$0.1990	$928,954,951	$8,917,097,739
Jul 20, 2020	$0.1991	$0.1998	$0.1937	$0.1951	$848,780,531	$8,741,285,749
Jul 19, 2020	$0.1994	$0.2013	$0.1961	$0.1991	$828,392,852	$8,813,276,313
Jul 18, 2020	$0.1943	$0.2016	$0.1939	$0.1993	$870,207,693	$8,822,395,225
Jul 17, 2020	$0.1941	$0.1971	$0.1917	$0.1943	$936,113,620	$8,598,448,553
Jul 16, 2020	$0.1970	$0.1974	$0.1902	$0.1940	$1,055,841,762	$8,588,123,641
Jul 15, 2020	$0.1988	$0.1996	$0.1967	$0.1971	$1,067,413,757	$8,723,693,327
Jul 14, 2020	$0.1985	$0.1996	$0.1955	$0.1988	$1,197,284,578	$8,798,858,701
Jul 13, 2020	$0.2005	$0.2052	$0.1959	$0.1986	$1,197,056,593	$8,788,499,210
Jul 12, 2020	$0.2012	$0.2033	$0.1984	$0.2005	$850,245,455	$8,875,371,017
Jul 11, 2020	$0.1987	$0.2036	$0.1986	$0.2012	$996,288,334	$8,904,556,378
Jul 10, 2020	$0.2028	$0.2028	$0.1933	$0.1987	$1,161,794,555	$8,791,913,887
Jul 09, 2020	$0.2046	$0.2103	$0.1986	$0.2029	$1,809,158,571	$8,980,335,539
Jul 08, 2020	$0.1848	$0.2057	$0.1842	$0.2047	$1,878,269,321	$9,059,233,839
Jul 07, 2020	$0.1886	$0.1890	$0.1827	$0.1848	$1,067,033,698	$8,178,282,640
Jul 06, 2020	$0.1770	$0.1891	$0.1765	$0.1886	$1,423,923,826	$8,345,557,156
Jul 05, 2020	$0.1779	$0.1787	$0.1748	$0.1770	$969,679,447	$7,834,382,405
Jul 04, 2020	$0.1763	$0.1797	$0.1762	$0.1780	$1,000,145,449	$7,877,175,644
Jul 03, 2020	$0.1773	$0.1784	$0.1751	$0.1763	$976,699,960	$7,804,230,337
Jul 02, 2020	$0.1772	$0.1783	$0.1742	$0.1772	$1,053,683,055	$7,844,438,480
Jul 01, 2020	$0.1758	$0.1785	$0.1747	$0.1770	$1,115,989,502	$7,832,562,653
Jun 30, 2020	$0.1777	$0.1784	$0.1750	$0.1759	$1,010,363,683	$7,783,640,657
Jun 29, 2020	$0.1776	$0.1796	$0.1762	$0.1780	$1,164,729,579	$7,876,094,956
Jun 28, 2020	$0.1769	$0.1805	$0.1752	$0.1777	$1,139,431,604	$7,864,270,564
Jun 27, 2020	$0.1831	$0.1851	$0.1745	$0.1769	$1,142,888,783	$7,827,018,778
Jun 26, 2020	$0.1835	$0.1859	$0.1799	$0.1827	$1,269,492,277	$8,084,634,051
Jun 25, 2020	$0.1841	$0.1850	$0.1810	$0.1836	$1,055,030,012	$8,124,389,491
Jun 24, 2020	$0.1887	$0.1909	$0.1830	$0.1843	$1,138,044,691	$8,155,465,082
Jun 23, 2020	$0.1893	$0.1900	$0.1871	$0.1887	$1,093,605,185	$8,350,557,840
Jun 22, 2020	$0.1857	$0.1901	$0.1856	$0.1893	$1,209,278,721	$8,376,771,498
Jun 21, 2020	$0.1885	$0.1891	$0.1855	$0.1856	$893,641,269	$8,214,686,195
Jun 20, 2020	$0.1868	$0.1898	$0.1861	$0.1885	$966,690,908	$8,342,603,851
Jun 19, 2020	$0.1909	$0.1912	$0.1865	$0.1868	$1,097,387,856	$8,266,913,026
Jun 18, 2020	$0.1935	$0.1935	$0.1896	$0.1910	$1,045,504,279	$8,451,352,166
Jun 17, 2020	$0.1915	$0.1973	$0.1903	$0.1934	$1,323,161,116	$8,561,363,236
Jun 16, 2020	$0.1931	$0.1933	$0.1900	$0.1913	$1,158,919,075	$8,466,821,452
Jun 15, 2020	$0.1916	$0.1938	$0.1838	$0.1931	$1,315,332,448	$8,545,014,832
Jun 14, 2020	$0.1932	$0.1937	$0.1911	$0.1916	$1,023,497,502	$8,452,767,514
Jun 13, 2020	$0.1940	$0.1942	$0.1899	$0.1931	$1,050,423,848	$8,518,460,614
Jun 12, 2020	$0.1902	$0.1963	$0.1889	$0.1939	$1,157,151,094	$8,555,381,745
Jun 11, 2020	$0.2029	$0.2037	$0.1895	$0.1902	$1,354,031,836	$8,389,388,715
Jun 10, 2020	$0.2020	$0.2035	$0.2006	$0.2029	$1,106,635,421	$8,952,182,050
Jun 09, 2020	$0.2038	$0.2046	$0.2010	$0.2020	$1,108,186,467	$8,911,356,401
Jun 08, 2020	$0.2034	$0.2042	$0.2017	$0.2038	$1,042,709,461	$8,988,927,252
Jun 07, 2020	$0.2032	$0.2047	$0.1997	$0.2034	$1,141,964,765	$8,974,728,442
Jun 06, 2020	$0.2042	$0.2050	$0.2024	$0.2031	$1,048,611,012	$8,961,182,289
Jun 05, 2020	$0.2050	$0.2067	$0.2021	$0.2041	$1,264,429,379	$9,003,078,695
Jun 04, 2020	$0.2037	$0.2065	$0.2019	$0.2050	$1,368,430,496	$9,042,323,044
Jun 03, 2020	$0.2029	$0.2045	$0.2013	$0.2037	$1,335,828,090	$8,984,172,826
Jun 02, 2020	$0.2102	$0.2143	$0.2007	$0.2028	$1,850,078,103	$8,944,512,706
Jun 01, 2020	$0.2028	$0.2107	$0.2021	$0.2102	$1,702,904,267	$9,274,691,763
May 31, 2020	$0.2062	$0.2115	$0.2017	$0.2029	$1,737,139,256	$8,950,742,760
May 30, 2020	$0.1983	$0.2065	$0.1969	$0.2062	$1,683,149,544	$9,096,936,497
May 29, 2020	$0.2007	$0.2028	$0.1971	$0.1983	$1,477,357,235	$8,749,705,583
May 28, 2020	$0.1979	$0.2009	$0.1956	$0.2006	$1,615,654,544	$8,848,806,628
May 27, 2020	$0.1939	$0.1988	$0.1938	$0.1979	$1,535,112,977	$8,728,047,163
May 26, 2020	$0.1973	$0.1976	$0.1934	$0.1940	$1,585,691,777	$8,556,771,553
May 25, 2020	$0.1953	$0.1976	$0.1922	$0.1973	$1,671,594,106	$8,704,663,297
May 24, 2020	$0.1989	$0.2015	$0.1954	$0.1954	$1,447,641,496	$8,621,039,125
May 23, 2020	$0.2004	$0.2018	$0.1977	$0.1989	$1,459,815,520	$8,772,115,860
May 22, 2020	$0.1955	$0.2017	$0.1936	$0.2003	$1,852,264,124	$8,837,711,659
May 21, 2020	$0.2018	$0.2027	$0.1914	$0.1955	$1,753,934,487	$8,624,477,986
May 20, 2020	$0.2039	$0.2056	$0.2002	$0.2017	$1,933,723,829	$8,897,878,389
May 19, 2020	$0.2053	$0.2053	$0.2019	$0.2040	$1,973,351,018	$9,000,248,027
May 18, 2020	$0.2014	$0.2063	$0.2010	$0.2052	$1,968,537,517	$9,050,915,906
May 17, 2020	$0.2005	$0.2039	$0.1997	$0.2013	$1,752,063,749	$8,877,940,578
May 16, 2020	$0.1991	$0.2021	$0.1979	$0.2000	$1,794,850,124	$8,823,975,223
May 15, 2020	$0.2029	$0.2034	$0.1973	$0.1989	$2,046,326,382	$8,774,523,681
May 14, 2020	$0.2013	$0.2046	$0.1997	$0.2031	$2,154,131,805	$8,960,609,479
May 13, 2020	$0.1976	$0.2034	$0.1966	$0.2015	$1,947,109,951	$8,887,871,910
May 12, 2020	$0.1942	$0.1998	$0.1927	$0.1976	$2,056,508,741	$8,718,347,383
May 11, 2020	$0.1982	$0.2002	$0.1885	$0.1941	$2,470,709,527	$8,560,709,529
May 10, 2020	$0.2171	$0.2171	$0.1905	$0.1982	$3,067,472,277	$8,742,104,206
May 09, 2020	$0.2197	$0.2247	$0.2168	$0.2169	$2,543,805,062	$9,568,176,317
May 08, 2020	$0.2188	$0.2219	$0.2155	$0.2198	$2,460,030,844	$9,697,204,907
May 07, 2020	$0.2155	$0.2209	$0.2130	$0.2189	$2,582,702,615	$9,657,066,730
May 06, 2020	$0.2163	$0.2223	$0.2152	$0.2152	$2,159,327,467	$9,493,539,897
May 05, 2020	$0.2189	$0.2218	$0.2154	$0.2165	$2,104,127,661	$9,548,784,765
May 04, 2020	$0.2195	$0.2206	$0.2106	$0.2190	$2,462,194,723	$9,659,096,485
May 03, 2020	$0.2241	$0.2263	$0.2177	$0.2194	$2,182,399,826	$9,678,990,068
May 02, 2020	$0.2193	$0.2256	$0.2172	$0.2239	$2,170,661,654	$9,877,477,086
May 01, 2020	$0.2129	$0.2248	$0.2128	$0.2192	$2,306,876,493	$9,671,641,236
Apr 30, 2020	$0.2272	$0.2357	$0.2116	$0.2128	$3,145,263,527	$9,385,477,916
Apr 29, 2020	$0.2156	$0.2296	$0.2134	$0.2274	$3,041,995,823	$10,032,694,258
Apr 28, 2020	$0.1980	$0.2181	$0.1964	$0.2155	$2,515,531,348	$9,505,616,088
Apr 27, 2020	$0.1967	$0.1993	$0.1954	$0.1980	$1,792,695,610	$8,733,381,417
Apr 26, 2020	$0.1950	$0.1972	$0.1945	$0.1968	$1,692,427,521	$8,677,070,504
Apr 25, 2020	$0.1937	$0.1965	$0.1931	$0.1951	$1,648,491,142	$8,599,842,766
Apr 24, 2020	$0.1919	$0.1967	$0.1917	$0.1937	$1,853,837,706	$8,538,612,711
Apr 23, 2020	$0.1879	$0.1948	$0.1868	$0.1917	$2,271,111,354	$8,452,461,961
Apr 22, 2020	$0.1842	$0.1897	$0.1831	$0.1880	$1,783,803,231	$8,287,541,721
Apr 21, 2020	$0.1833	$0.1856	$0.1828	$0.1843	$1,912,728,846	$8,126,957,533
Apr 20, 2020	$0.1908	$0.1949	$0.1818	$0.1835	$2,364,973,860	$8,090,006,361
Apr 19, 2020	$0.1950	$0.1963	$0.1908	$0.1909	$1,904,866,741	$8,414,904,361
Apr 18, 2020	$0.1899	$0.1954	$0.1898	$0.1949	$1,918,245,143	$8,594,155,313
Apr 17, 2020	$0.1903	$0.1920	$0.1876	$0.1902	$1,887,808,776	$8,385,919,739
Apr 16, 2020	$0.1813	$0.1912	$0.1774	$0.1901	$2,610,251,456	$8,381,628,981
Apr 15, 2020	$0.1854	$0.1893	$0.1812	$0.1813	$1,963,736,221	$7,989,127,042
Apr 14, 2020	$0.1878	$0.1890	$0.1843	$0.1853	$1,889,687,587	$8,168,316,007
Apr 13, 2020	$0.1905	$0.1905	$0.1818	$0.1877	$2,253,497,429	$8,273,953,308
Apr 12, 2020	$0.1882	$0.1938	$0.1876	$0.1901	$2,087,857,417	$8,361,929,949
Apr 11, 2020	$0.1875	$0.1924	$0.1861	$0.1881	$1,847,482,831	$8,270,834,076
Apr 10, 2020	$0.1982	$0.1988	$0.1837	$0.1875	$2,105,282,079	$8,244,475,832
Apr 09, 2020	$0.2010	$0.2013	$0.1959	$0.1983	$1,878,628,668	$8,719,129,423
Apr 08, 2020	$0.1921	$0.2013	$0.1914	$0.2009	$2,091,042,647	$8,834,009,937
Apr 07, 2020	$0.1957	$0.2039	$0.1912	$0.1921	$2,626,151,910	$8,448,042,799
Apr 06, 2020	$0.1796	$0.1959	$0.1794	$0.1955	$2,529,832,372	$8,598,152,596
Apr 05, 2020	$0.1818	$0.1820	$0.1773	$0.1794	$1,660,971,367	$7,882,313,124
Apr 04, 2020	$0.1796	$0.1823	$0.1783	$0.1817	$1,793,826,153	$7,984,528,291
Apr 03, 2020	$0.1788	$0.1827	$0.1769	$0.1795	$2,106,869,711	$7,884,998,557
Apr 02, 2020	$0.1752	$0.1833	$0.1743	$0.1786	$2,352,651,038	$7,848,687,168
Apr 01, 2020	$0.1743	$0.1753	$0.1691	$0.1753	$2,053,108,172	$7,702,917,454
Mar 31, 2020	$0.1721	$0.1779	$0.1715	$0.1746	$2,101,862,050	$7,669,550,526
Mar 30, 2020	$0.1638	$0.1742	$0.1632	$0.1722	$2,131,319,206	$7,564,440,755
Mar 29, 2020	$0.1757	$0.1761	$0.1632	$0.1638	$1,996,124,443	$7,193,114,648
Mar 28, 2020	$0.1759	$0.1795	$0.1676	$0.1758	$2,689,925,753	$7,717,955,718
Mar 27, 2020	$0.1750	$0.1864	$0.1706	$0.1762	$2,849,306,896	$7,736,067,263
Mar 26, 2020	$0.1617	$0.1759	$0.1604	$0.1750	$2,236,102,811	$7,684,422,876
Mar 25, 2020	$0.1623	$0.1639	$0.1586	$0.1616	$2,096,308,696	$7,096,688,846
Mar 24, 2020	$0.1576	$0.1635	$0.1568	$0.1623	$2,155,981,658	$7,123,997,865
Mar 23, 2020	$0.1499	$0.1579	$0.1492	$0.1574	$2,117,431,211	$6,901,653,397
Mar 22, 2020	$0.1581	$0.1611	$0.1496	$0.1502	$1,864,979,798	$6,585,765,149
Mar 21, 2020	$0.1567	$0.1605	$0.1536	$0.1582	$2,068,099,167	$6,934,993,697
Mar 20, 2020	$0.1651	$0.1738	$0.1492	$0.1569	$2,946,481,356	$6,877,526,045
Mar 19, 2020	$0.1432	$0.1705	$0.1431	$0.1650	$2,590,533,670	$7,235,640,318
Mar 18, 2020	$0.1447	$0.1469	$0.1408	$0.1431	$1,964,626,837	$6,273,900,950
Mar 17, 2020	$0.1410	$0.1510	$0.1410	$0.1445	$2,134,494,360	$6,336,314,382
Mar 16, 2020	$0.1539	$0.1539	$0.1332	$0.1411	$2,646,513,874	$6,184,578,517
Mar 15, 2020	$0.1473	$0.1622	$0.1461	$0.1539	$2,197,842,519	$6,743,672,547
Mar 14, 2020	$0.1592	$0.1600	$0.1457	$0.1473	$2,310,448,365	$6,454,051,866
Mar 13, 2020	$0.1405	$0.1648	$0.1151	$0.1594	$5,160,523,077	$6,982,495,632
Mar 12, 2020	$0.2082	$0.2091	$0.1396	$0.1396	$3,547,958,418	$6,118,533,337
Mar 11, 2020	$0.2123	$0.2134	$0.2015	$0.2081	$2,130,165,442	$9,118,339,803
Mar 10, 2020	$0.2097	$0.2153	$0.2066	$0.2122	$2,317,233,373	$9,299,728,108
Mar 09, 2020	$0.2067	$0.2114	$0.2007	$0.2092	$2,796,925,948	$9,165,891,732
Mar 08, 2020	$0.2371	$0.2371	$0.2068	$0.2069	$2,627,253,062	$9,066,135,755
Mar 07, 2020	$0.2440	$0.2446	$0.2370	$0.2371	$2,109,420,975	$10,387,966,255
Mar 06, 2020	$0.2395	$0.2459	$0.2391	$0.2441	$2,423,236,344	$10,695,465,318
Mar 05, 2020	$0.2346	$0.2429	$0.2346	$0.2396	$2,299,594,699	$10,497,998,118
Mar 04, 2020	$0.2345	$0.2380	$0.2318	$0.2345	$2,280,839,542	$10,267,618,515
Mar 03, 2020	$0.2387	$0.2388	$0.2320	$0.2344	$2,524,293,730	$10,261,064,959
Mar 02, 2020	$0.2289	$0.2403	$0.2273	$0.2387	$2,466,061,224	$10,452,240,984
Mar 01, 2020	$0.2311	$0.2358	$0.2257	$0.2288	$2,086,828,072	$10,018,780,809
Feb 29, 2020	$0.2365	$0.2420	$0.2312	$0.2312	$2,061,348,763	$10,121,531,623
Feb 28, 2020	$0.2371	$0.2432	$0.2308	$0.2363	$2,468,502,732	$10,344,935,599
Feb 27, 2020	$0.2311	$0.2462	$0.2262	$0.2371	$2,775,673,347	$10,373,699,553
Feb 26, 2020	$0.2534	$0.2550	$0.2294	$0.2309	$3,273,784,862	$10,099,606,649
Feb 25, 2020	$0.2705	$0.2708	$0.2531	$0.2534	$2,590,099,692	$11,086,614,590
Feb 24, 2020	$0.2826	$0.2832	$0.2665	$0.2706	$2,472,100,400	$11,839,763,802
Feb 23, 2020	$0.2759	$0.2829	$0.2756	$0.2827	$2,313,819,448	$12,368,433,149
Feb 22, 2020	$0.2753	$0.2770	$0.2723	$0.2759	$2,190,665,842	$12,070,510,427
Feb 21, 2020	$0.2723	$0.2779	$0.2707	$0.2749	$2,626,495,845	$12,028,366,232
Feb 20, 2020	$0.2771	$0.2815	$0.2673	$0.2724	$3,138,024,579	$11,913,164,915
Feb 19, 2020	$0.2979	$0.3037	$0.2776	$0.2776	$3,096,501,889	$12,140,870,561
Feb 18, 2020	$0.2870	$0.3001	$0.2787	$0.2979	$3,719,318,846	$13,029,144,053
Feb 17, 2020	$0.2946	$0.2952	$0.2714	$0.2866	$3,690,067,847	$12,525,667,661
Feb 16, 2020	$0.3073	$0.3182	$0.2780	$0.2950	$4,025,339,058	$12,895,529,010
Feb 15, 2020	$0.3351	$0.3440	$0.3022	$0.3062	$4,282,439,063	$13,385,174,853
Feb 14, 2020	$0.3264	$0.3376	$0.3145	$0.3348	$4,476,902,769	$14,634,621,178
Feb 13, 2020	$0.3042	$0.3361	$0.3036	$0.3267	$6,473,779,289	$14,279,885,278
Feb 12, 2020	$0.2803	$0.3075	$0.2799	$0.3044	$4,092,541,037	$13,304,586,565
Feb 11, 2020	$0.2739	$0.2807	$0.2679	$0.2801	$2,383,677,083	$12,244,571,114
Feb 10, 2020	$0.2825	$0.2833	$0.2702	$0.2741	$2,403,459,577	$11,979,687,194
Feb 09, 2020	$0.2771	$0.2872	$0.2764	$0.2825	$2,343,599,758	$12,342,888,604
Feb 08, 2020	$0.2789	$0.2805	$0.2676	$0.2772	$2,380,993,304	$12,115,026,113
Feb 07, 2020	$0.2822	$0.2865	$0.2778	$0.2793	$2,372,731,517	$12,204,223,474
Feb 06, 2020	$0.2775	$0.2859	$0.2735	$0.2822	$3,079,150,333	$12,332,253,053
Feb 05, 2020	$0.2667	$0.2810	$0.2667	$0.2775	$3,332,447,611	$12,124,855,856
Feb 04, 2020	$0.2546	$0.2696	$0.2488	$0.2668	$2,900,951,896	$11,659,047,307
Feb 03, 2020	$0.2506	$0.2564	$0.2482	$0.2546	$2,156,814,065	$11,126,754,979
Feb 02, 2020	$0.2413	$0.2593	$0.2370	$0.2507	$2,477,130,012	$10,953,472,898
Feb 01, 2020	$0.2392	$0.2426	$0.2378	$0.2415	$1,592,451,417	$10,548,109,281
Jan 31, 2020	$0.2436	$0.2443	$0.2349	$0.2392	$1,892,170,752	$10,451,015,954
Jan 30, 2020	$0.2356	$0.2460	$0.2320	$0.2436	$2,125,017,678	$10,643,624,488
Jan 29, 2020	$0.2387	$0.2413	$0.2353	$0.2357	$1,883,265,674	$10,297,986,176
Jan 28, 2020	$0.2312	$0.2399	$0.2309	$0.2385	$2,052,700,894	$10,418,484,690
Jan 27, 2020	$0.2305	$0.2346	$0.2270	$0.2312	$1,722,593,699	$10,098,829,103
Jan 26, 2020	$0.2203	$0.2313	$0.2193	$0.2307	$1,583,964,764	$10,075,423,155
Jan 25, 2020	$0.2230	$0.2232	$0.2177	$0.2204	$1,373,179,560	$9,627,353,633
Jan 24, 2020	$0.2262	$0.2263	$0.2154	$0.2230	$1,706,347,379	$9,741,530,849
Jan 23, 2020	$0.2362	$0.2363	$0.2231	$0.2261	$1,600,294,983	$9,875,297,162
Jan 22, 2020	$0.2373	$0.2387	$0.2342	$0.2361	$1,517,150,861	$10,309,942,100
Jan 21, 2020	$0.2333	$0.2403	$0.2315	$0.2372	$1,701,652,845	$10,358,425,747
Jan 20, 2020	$0.2354	$0.2357	$0.2260	$0.2333	$1,723,535,818	$10,184,268,786
Jan 19, 2020	$0.2434	$0.2496	$0.2293	$0.2356	$2,211,717,302	$10,284,187,005
Jan 18, 2020	$0.2389	$0.2512	$0.2331	$0.2433	$2,391,157,804	$10,620,350,242
Jan 17, 2020	$0.2287	$0.2432	$0.2266	$0.2388	$2,418,043,081	$10,423,473,280
Jan 16, 2020	$0.2329	$0.2336	$0.2241	$0.2286	$2,066,952,513	$9,978,103,123
Jan 15, 2020	$0.2345	$0.2410	$0.2279	$0.2329	$2,590,278,224	$10,166,738,989
Jan 14, 2020	$0.2125	$0.2418	$0.2124	$0.2347	$2,639,844,916	$10,244,977,875
Jan 13, 2020	$0.2156	$0.2157	$0.2106	$0.2126	$1,321,442,559	$9,220,403,706
Jan 12, 2020	$0.2122	$0.2164	$0.2115	$0.2156	$1,496,128,430	$9,351,208,273
Jan 11, 2020	$0.2121	$0.2190	$0.2101	$0.2119	$1,655,817,070	$9,187,177,375
Jan 10, 2020	$0.2049	$0.2124	$0.2018	$0.2123	$1,693,646,276	$9,206,907,569
Jan 09, 2020	$0.2091	$0.2091	$0.2026	$0.2049	$1,341,130,889	$8,885,696,511
Jan 08, 2020	$0.2138	$0.2167	$0.2052	$0.2090	$1,782,128,652	$9,064,684,943
Jan 07, 2020	$0.2216	$0.2234	$0.2090	$0.2139	$2,237,698,314	$9,276,786,517
Jan 06, 2020	$0.1955	$0.2238	$0.1951	$0.2215	$2,301,679,290	$9,606,054,235
Jan 05, 2020	$0.1944	$0.1992	$0.1939	$0.1955	$1,168,067,557	$8,474,172,240
Jan 04, 2020	$0.1935	$0.1947	$0.1918	$0.1944	$999,331,594	$8,422,952,089
Jan 03, 2020	$0.1879	$0.1941	$0.1858	$0.1935	$1,270,017,043	$8,386,800,449
Jan 02, 2020	$0.1927	$0.1929	$0.1869	$0.1880	$1,085,351,426	$8,149,376,228
Jan 01, 2020	$0.1929	$0.1944	$0.1921	$0.1927	$1,041,134,003	$8,349,802,256
Dec 31, 2019	$0.1945	$0.1949	$0.1900	$0.1929	$1,116,761,075	$8,359,619,491
Dec 30, 2019	$0.1971	$0.1987	$0.1937	$0.1945	$1,247,499,610	$8,428,101,982
Dec 29, 2019	$0.1931	$0.1990	$0.1925	$0.1971	$1,176,573,822	$8,536,136,120
Dec 28, 2019	$0.1911	$0.1953	$0.1910	$0.1932	$1,168,758,140	$8,370,284,759
Dec 27, 2019	$0.1904	$0.1927	$0.1885	$0.1911	$1,151,157,499	$8,278,444,958
Dec 26, 2019	$0.1906	$0.1925	$0.1881	$0.1904	$1,177,534,639	$8,247,774,697
Dec 25, 2019	$0.1923	$0.1926	$0.1885	$0.1907	$1,140,140,919	$8,261,843,273
Dec 24, 2019	$0.1910	$0.1969	$0.1899	$0.1922	$1,255,576,963	$8,325,926,772
Dec 23, 2019	$0.1970	$0.1981	$0.1899	$0.1909	$1,402,992,086	$8,271,536,883
Dec 22, 2019	$0.1940	$0.1974	$0.1925	$0.1970	$1,261,599,021	$8,532,972,546
